Product ID,Product Name,Product Category,Target Market,Customer Segment,Customer Persona,Geography,Industry,Customer Pain Point,Value Proposition,Competitor Name,Competitor Price,Proposed Product Price,Pricing Model,Marketing Channel,Campaign Type,Campaign Budget,Expected Reach,Expected Leads,Expected Conversions,Conversion Rate %,Customer Acquisition Cost,Expected Revenue,Revenue Forecast,Market Demand Score,Product Readiness Score,Channel Effectiveness Score,Launch Risk Score,GTM Priority,Launch Phase,Launch Status
FP-001,FlowPilot AI,AI Productivity SaaS,SMB and mid-market knowledge-work teams,Mid-Market,Head of Operations,UK,Business Services,Fragmented workflows,Centralized AI workflow layer with measurable productivity,Notion,10.0,74,Monthly Subscription,Webinars,Content,3807,61365,3869,414,0.10700439390023261,9.195652173913043,54002.94241868751,162008.82725606253,83,70,78,37,Medium,Pre-Launch,Ready
FP-002,FlowPilot AI,AI Productivity SaaS,SMB and mid-market knowledge-work teams,SMBs,Operations Manager,India,Professional Services,High coordination overhead,Automated workflows and AI summaries without enterprise complexity,Microsoft 365 Copilot,30.0,39,Monthly Subscription,Webinars,Lead Gen,10073,100054,6949,1014,0.14592027629874801,9.933925049309664,72984.50765384974,218953.52296154923,80,91,58,29,Medium,Pre-Launch,Ready
FP-003,FlowPilot AI,AI Productivity SaaS,SMB and mid-market knowledge-work teams,SMBs,HR/People Lead,India,Technology,Inconsistent meeting actions,AI meeting-to-action workflows and team memory,Asana,13.49,40,Monthly Subscription,Webinars,Retargeting,16858,241623,7020,876,0.12478632478632479,19.244292237442924,73855.43816975204,221566.31450925613,89,69,71,23,High,Pre-Launch,Ready
FP-004,FlowPilot AI,AI Productivity SaaS,SMB and mid-market knowledge-work teams,SMBs,HR/People Lead,India,Technology,Inconsistent meeting actions,AI meeting-to-action workflows and team memory,Microsoft 365 Copilot,30.0,50,Monthly Subscription,Partnerships,Lead Gen,4766,55399,1259,71,0.056393963463065924,67.12676056338029,5281.403530195872,15844.210590587616,70,90,82,53,Medium,Pre-Launch,At Risk
FP-005,FlowPilot AI,AI Productivity SaaS,SMB and mid-market knowledge-work teams,SMBs,HR/People Lead,India,Technology,Inconsistent meeting actions,AI meeting-to-action workflows and team memory,Microsoft 365 Copilot,30.0,50,Monthly Subscription,SEO,Retargeting,16603,286428,15288,1027,0.06717687074829932,16.166504381694256,108237.10953130381,324711.3285939114,77,89,76,22,High,Launch,At Risk
FP-006,FlowPilot AI,AI Productivity SaaS,SMB and mid-market knowledge-work teams,SMBs,Team Lead,UAE,Technology,Repetitive admin and poor visibility,AI-assisted execution with team accountability,Monday.com,12.0,44,Monthly Subscription,SEO,Retargeting,14983,109712,7181,1296,0.1804762567887481,11.560956790123457,93448.41263005347,280345.2378901604,92,84,67,24,High,Launch,In Progress
FP-007,FlowPilot AI,AI Productivity SaaS,SMB and mid-market knowledge-work teams,Startups,Founder/COO,India,Technology,Disconnected tools and manual follow-ups,AI workspace that turns meetings and tasks into workflows,Microsoft 365 Copilot,30.0,29,Monthly Subscription,YouTube,Demand Gen,4332,73983,4712,823,0.174660441426146,5.2636695018226005,39285.351704788256,117856.05511436478,63,72,91,20,High,Pre-Launch,At Risk
FP-008,FlowPilot AI,AI Productivity SaaS,SMB and mid-market knowledge-work teams,SMBs,Operations Manager,India,Professional Services,High coordination overhead,Automated workflows and AI summaries without enterprise complexity,Microsoft 365 Copilot,30.0,39,Monthly Subscription,Email,Partner,10287,178058,4733,611,0.12909359814071414,16.83633387888707,44924.221167754855,134772.66350326457,73,94,89,63,Medium,Post-Launch,In Progress
FP-009,FlowPilot AI,AI Productivity SaaS,SMB and mid-market knowledge-work teams,Mid-Market,IT Manager,US,Technology,Tool sprawl and governance concerns,Secure AI productivity with admin controls and analytics,Monday.com,12.0,99,Monthly Subscription,YouTube,Retargeting,9897,65053,1931,194,0.10046607975142413,51.01546391752577,35927.6457973517,107782.93739205512,74,83,69,15,High,Pre-Launch,Planned
FP-010,FlowPilot AI,AI Productivity SaaS,SMB and mid-market knowledge-work teams,Mid-Market,Head of Operations,UK,Business Services,Fragmented workflows,Centralized AI workflow layer with measurable productivity,Notion,10.0,74,Monthly Subscription,Partnerships,Demand Gen,10923,88411,4666,383,0.08208315473639091,28.519582245430808,42678.785933251726,128036.35779975518,90,72,85,41,High,Pre-Launch,Planned
FP-011,FlowPilot AI,AI Productivity SaaS,SMB and mid-market knowledge-work teams,SMBs,Operations Manager,India,Professional Services,High coordination overhead,Automated workflows and AI summaries without enterprise complexity,Monday.com,12.0,39,Monthly Subscription,Community,Webinar,10151,164749,3429,507,0.14785651793525809,20.021696252465482,37903.72977788458,113711.18933365375,63,77,76,21,Medium,Pre-Launch,In Progress
FP-012,FlowPilot AI,AI Productivity SaaS,SMB and mid-market knowledge-work teams,Mid-Market,Head of Operations,UK,Business Services,Fragmented workflows,Centralized AI workflow layer with measurable productivity,Microsoft 365 Copilot,30.0,84,Monthly Subscription,Email,Webinar,5506,47467,1470,277,0.18843537414965986,19.87725631768953,40823.81294072307,122471.43882216922,95,68,58,56,Medium,Post-Launch,Planned
FP-013,FlowPilot AI,AI Productivity SaaS,SMB and mid-market knowledge-work teams,SMBs,Operations Manager,India,Professional Services,High coordination overhead,Automated workflows and AI summaries without enterprise complexity,ClickUp,12.0,39,Monthly Subscription,Community,Webinar,10386,80789,3138,184,0.058636073932441045,56.44565217391305,12222.00888142268,36666.026644268044,84,73,84,33,High,Launch,At Risk
FP-014,FlowPilot AI,AI Productivity SaaS,SMB and mid-market knowledge-work teams,SMBs,Team Lead,UAE,Technology,Repetitive admin and poor visibility,AI-assisted execution with team accountability,ClickUp,12.0,49,Monthly Subscription,Webinars,Demand Gen,11989,174614,3696,358,0.09686147186147186,33.48882681564246,25262.47750422742,75787.43251268225,90,81,88,25,High,Pre-Launch,Planned
FP-015,FlowPilot AI,AI Productivity SaaS,SMB and mid-market knowledge-work teams,SMBs,Team Lead,UAE,Technology,Repetitive admin and poor visibility,AI-assisted execution with team accountability,Notion,10.0,59,Monthly Subscription,Google Ads,Partner,16620,133918,3245,595,0.18335901386748846,27.932773109243698,56061.711827295745,168185.13548188724,62,84,60,41,Low,Post-Launch,Ready
FP-016,FlowPilot AI,AI Productivity SaaS,SMB and mid-market knowledge-work teams,Mid-Market,IT Manager,US,Technology,Tool sprawl and governance concerns,Secure AI productivity with admin controls and analytics,ClickUp,12.0,99,Monthly Subscription,Webinars,Content,8984,60205,3104,368,0.11855670103092783,24.41304347826087,78081.59668855624,234244.7900656687,64,65,84,54,Low,Post-Launch,Planned
FP-017,FlowPilot AI,AI Productivity SaaS,SMB and mid-market knowledge-work teams,SMBs,Operations Manager,India,Professional Services,High coordination overhead,Automated workflows and AI summaries without enterprise complexity,Microsoft 365 Copilot,30.0,39,Monthly Subscription,SEO,Lead Gen,17790,169665,3660,317,0.0866120218579235,56.1198738170347,20126.83929408922,60380.51788226765,88,91,89,60,Medium,Launch,Planned
FP-018,FlowPilot AI,AI Productivity SaaS,SMB and mid-market knowledge-work teams,Mid-Market,IT Manager,US,Technology,Tool sprawl and governance concerns,Secure AI productivity with admin controls and analytics,Notion,10.0,99,Monthly Subscription,SEO,Demand Gen,17077,109147,5104,463,0.09071316614420062,36.88336933045356,86350.6678252675,259052.0034758025,81,71,71,47,Medium,Launch,Ready
FP-019,FlowPilot AI,AI Productivity SaaS,SMB and mid-market knowledge-work teams,Startups,Founder/COO,India,Technology,Disconnected tools and manual follow-ups,AI workspace that turns meetings and tasks into workflows,Notion,10.0,34,Monthly Subscription,SEO,Demand Gen,2558,23882,592,116,0.19594594594594594,22.051724137931036,6031.4234515393655,18094.270354618096,88,82,82,50,Medium,Pre-Launch,Planned
FP-020,FlowPilot AI,AI Productivity SaaS,SMB and mid-market knowledge-work teams,SMBs,Operations Manager,India,Professional Services,High coordination overhead,Automated workflows and AI summaries without enterprise complexity,ClickUp,12.0,49,Monthly Subscription,LinkedIn,Content,12043,146717,5919,333,0.05625950329447542,36.16516516516516,27603.815020475868,82811.4450614276,62,93,77,28,Medium,Post-Launch,In Progress
FP-021,FlowPilot AI,AI Productivity SaaS,SMB and mid-market knowledge-work teams,SMBs,Operations Manager,India,Professional Services,High coordination overhead,Automated workflows and AI summaries without enterprise complexity,Asana,13.49,49,Monthly Subscription,Community,Retargeting,14779,103588,6873,1235,0.17968863669431107,11.966801619433198,131981.0864662538,395943.2593987614,71,93,81,16,High,Pre-Launch,Ready
FP-022,FlowPilot AI,AI Productivity SaaS,SMB and mid-market knowledge-work teams,SMBs,HR/People Lead,India,Technology,Inconsistent meeting actions,AI meeting-to-action workflows and team memory,ClickUp,12.0,45,Monthly Subscription,Email,Partner,4271,42594,852,102,0.11971830985915492,41.872549019607845,7158.831431854562,21476.494295563687,89,76,74,65,Medium,Pre-Launch,In Progress
FP-023,FlowPilot AI,AI Productivity SaaS,SMB and mid-market knowledge-work teams,Startups,Founder/COO,India,Technology,Disconnected tools and manual follow-ups,AI workspace that turns meetings and tasks into workflows,ClickUp,12.0,34,Monthly Subscription,Partnerships,Content,16661,98341,5724,587,0.10255066387141859,28.38330494037479,36074.57477775085,108223.72433325255,94,75,56,22,High,Launch,In Progress
FP-024,FlowPilot AI,AI Productivity SaaS,SMB and mid-market knowledge-work teams,Mid-Market,IT Manager,US,Technology,Tool sprawl and governance concerns,Secure AI productivity with admin controls and analytics,Notion,10.0,94,Monthly Subscription,Community,Content,14436,219767,8942,1767,0.1976067993737419,8.169779286926994,247904.02674856296,743712.0802456889,72,73,57,60,Low,Launch,Planned
FP-025,FlowPilot AI,AI Productivity SaaS,SMB and mid-market knowledge-work teams,Mid-Market,Head of Operations,UK,Business Services,Fragmented workflows,Centralized AI workflow layer with measurable productivity,Asana,13.49,84,Monthly Subscription,Google Ads,Partner,17585,163410,5608,993,0.1770684736091298,17.70896273917422,164805.7140692157,494417.1422076471,79,81,74,57,Medium,Launch,Ready
FP-026,FlowPilot AI,AI Productivity SaaS,SMB and mid-market knowledge-work teams,SMBs,HR/People Lead,India,Technology,Inconsistent meeting actions,AI meeting-to-action workflows and team memory,Asana,13.49,55,Monthly Subscription,Email,Lead Gen,9388,128090,4830,783,0.16211180124223604,11.989782886334611,66286.59002826898,198859.77008480695,79,77,90,15,High,Launch,Ready
FP-027,FlowPilot AI,AI Productivity SaaS,SMB and mid-market knowledge-work teams,Mid-Market,Head of Operations,UK,Business Services,Fragmented workflows,Centralized AI workflow layer with measurable productivity,Monday.com,12.0,89,Monthly Subscription,Partnerships,Webinar,9738,104664,3047,368,0.1207745323268789,26.46195652173913,69465.17952602159,208395.53857806476,70,86,60,33,Medium,Post-Launch,Ready
FP-028,FlowPilot AI,AI Productivity SaaS,SMB and mid-market knowledge-work teams,SMBs,Operations Manager,India,Professional Services,High coordination overhead,Automated workflows and AI summaries without enterprise complexity,ClickUp,12.0,39,Monthly Subscription,Webinars,Lead Gen,4914,26130,803,97,0.12079701120797011,50.65979381443299,7867.846159012289,23603.538477036866,64,79,81,55,Low,Post-Launch,In Progress
FP-029,FlowPilot AI,AI Productivity SaaS,SMB and mid-market knowledge-work teams,SMBs,HR/People Lead,India,Technology,Inconsistent meeting actions,AI meeting-to-action workflows and team memory,Monday.com,12.0,50,Monthly Subscription,Webinars,Lead Gen,13248,184665,11895,2129,0.17898276586801176,6.222639736965712,224436.21690122018,673308.6507036606,87,72,66,59,Low,Post-Launch,At Risk
FP-030,FlowPilot AI,AI Productivity SaaS,SMB and mid-market knowledge-work teams,Startups,Founder/COO,India,Technology,Disconnected tools and manual follow-ups,AI workspace that turns meetings and tasks into workflows,Microsoft 365 Copilot,30.0,29,Monthly Subscription,Google Ads,Webinar,4684,72219,3806,754,0.1981082501313715,6.212201591511937,41028.528316521864,123085.58494956559,88,84,87,42,High,Post-Launch,At Risk
FP-031,FlowPilot AI,AI Productivity SaaS,SMB and mid-market knowledge-work teams,SMBs,Team Lead,UAE,Technology,Repetitive admin and poor visibility,AI-assisted execution with team accountability,Monday.com,12.0,54,Monthly Subscription,SEO,Lead Gen,16260,216088,12494,1601,0.12814150792380344,10.156152404747033,164383.52749665835,493150.58248997503,77,79,59,60,Low,Launch,In Progress
FP-032,FlowPilot AI,AI Productivity SaaS,SMB and mid-market knowledge-work teams,Mid-Market,IT Manager,US,Technology,Tool sprawl and governance concerns,Secure AI productivity with admin controls and analytics,Asana,13.49,99,Monthly Subscription,Google Ads,Lead Gen,4971,39799,2152,335,0.15566914498141263,14.838805970149254,48135.11986714061,144405.35960142183,86,75,89,44,High,Launch,Planned
FP-033,FlowPilot AI,AI Productivity SaaS,SMB and mid-market knowledge-work teams,Mid-Market,Head of Operations,UK,Business Services,Fragmented workflows,Centralized AI workflow layer with measurable productivity,Monday.com,12.0,84,Monthly Subscription,LinkedIn,Retargeting,8732,97804,6555,621,0.09473684210526316,14.061191626409018,89304.21080767666,267912.63242303,86,82,89,53,Medium,Pre-Launch,At Risk
FP-034,FlowPilot AI,AI Productivity SaaS,SMB and mid-market knowledge-work teams,Mid-Market,Head of Operations,UK,Business Services,Fragmented workflows,Centralized AI workflow layer with measurable productivity,Asana,13.49,84,Monthly Subscription,YouTube,Demand Gen,8871,83118,4431,490,0.11058451816745656,18.10408163265306,63058.592909069135,189175.7787272074,89,94,63,54,Medium,Post-Launch,Planned
FP-035,FlowPilot AI,AI Productivity SaaS,SMB and mid-market knowledge-work teams,SMBs,HR/People Lead,India,Technology,Inconsistent meeting actions,AI meeting-to-action workflows and team memory,Microsoft 365 Copilot,30.0,55,Monthly Subscription,LinkedIn,Demand Gen,13030,137752,8688,671,0.07723296500920811,19.418777943368106,59347.85501215355,178043.56503646064,80,71,84,35,High,Launch,At Risk
FP-036,FlowPilot AI,AI Productivity SaaS,SMB and mid-market knowledge-work teams,Mid-Market,IT Manager,US,Technology,Tool sprawl and governance concerns,Secure AI productivity with admin controls and analytics,Monday.com,12.0,99,Monthly Subscription,Google Ads,Webinar,2817,41515,859,165,0.1920838183934808,17.072727272727274,25799.13526162567,77397.40578487702,64,89,57,63,Low,Pre-Launch,In Progress
FP-037,FlowPilot AI,AI Productivity SaaS,SMB and mid-market knowledge-work teams,Mid-Market,Head of Operations,UK,Business Services,Fragmented workflows,Centralized AI workflow layer with measurable productivity,Notion,10.0,89,Monthly Subscription,Email,Lead Gen,4568,50961,1220,234,0.1918032786885246,19.521367521367523,36904.238191217526,110712.71457365257,76,89,78,25,High,Post-Launch,Planned
FP-038,FlowPilot AI,AI Productivity SaaS,SMB and mid-market knowledge-work teams,SMBs,Team Lead,UAE,Technology,Repetitive admin and poor visibility,AI-assisted execution with team accountability,Asana,13.49,44,Monthly Subscription,LinkedIn,Content,11933,164741,11173,1223,0.10946030609505057,9.75715453802126,106117.8970464976,318353.6911394928,64,83,70,21,Medium,Post-Launch,Ready
FP-039,FlowPilot AI,AI Productivity SaaS,SMB and mid-market knowledge-work teams,SMBs,Operations Manager,India,Professional Services,High coordination overhead,Automated workflows and AI summaries without enterprise complexity,Microsoft 365 Copilot,30.0,34,Monthly Subscription,Partnerships,Retargeting,9518,129442,2794,411,0.1471009305654975,23.15815085158151,19705.0409171341,59115.122751402305,86,91,86,21,High,Launch,Ready
FP-040,FlowPilot AI,AI Productivity SaaS,SMB and mid-market knowledge-work teams,Mid-Market,Finance Manager,UK,Business Services,Manual reporting and approvals,Automated recurring workflows and summaries,ClickUp,12.0,74,Monthly Subscription,Email,Partner,11048,193905,6213,1063,0.17109286978915178,10.393226716839134,143993.80573362616,431981.4172008785,90,79,82,61,Medium,Post-Launch,Ready
FP-041,FlowPilot AI,AI Productivity SaaS,SMB and mid-market knowledge-work teams,Startups,Revenue Lead,Singapore,Technology,Customer actions fall through the cracks,AI-generated next steps and automated follow-up,ClickUp,12.0,54,Monthly Subscription,SEO,Webinar,6495,95841,4565,685,0.15005476451259583,9.481751824817518,61740.648775825575,185221.94632747673,91,92,75,26,High,Launch,In Progress
FP-042,FlowPilot AI,AI Productivity SaaS,SMB and mid-market knowledge-work teams,Startups,Revenue Lead,Singapore,Technology,Customer actions fall through the cracks,AI-generated next steps and automated follow-up,Asana,13.49,59,Monthly Subscription,SEO,Retargeting,13988,229982,10786,1375,0.1274800667531986,10.17309090909091,125974.56188690872,377923.68566072616,75,88,81,46,Medium,Post-Launch,In Progress
FP-043,FlowPilot AI,AI Productivity SaaS,SMB and mid-market knowledge-work teams,Mid-Market,Finance Manager,UK,Business Services,Manual reporting and approvals,Automated recurring workflows and summaries,Monday.com,12.0,74,Monthly Subscription,LinkedIn,Demand Gen,7320,57687,3113,298,0.09572759396080951,24.563758389261746,41132.37101419949,123397.11304259847,90,82,88,37,High,Launch,Ready
FP-044,FlowPilot AI,AI Productivity SaaS,SMB and mid-market knowledge-work teams,Startups,Revenue Lead,Singapore,Technology,Customer actions fall through the cracks,AI-generated next steps and automated follow-up,Monday.com,12.0,59,Monthly Subscription,SEO,Content,6277,41230,1155,78,0.06753246753246753,80.47435897435898,8415.636774956813,25246.910324870438,71,71,68,62,Low,Launch,Ready
FP-045,FlowPilot AI,AI Productivity SaaS,SMB and mid-market knowledge-work teams,Mid-Market,IT Manager,US,Technology,Tool sprawl and governance concerns,Secure AI productivity with admin controls and analytics,Notion,10.0,99,Monthly Subscription,SEO,Lead Gen,8412,61683,1155,150,0.12987012987012986,56.08,24048.818562185217,72146.45568655565,63,82,73,59,Low,Pre-Launch,At Risk
FP-046,FlowPilot AI,AI Productivity SaaS,SMB and mid-market knowledge-work teams,SMBs,Operations Manager,India,Professional Services,High coordination overhead,Automated workflows and AI summaries without enterprise complexity,Notion,10.0,49,Monthly Subscription,SEO,Webinar,10343,110939,3060,176,0.05751633986928104,58.76704545454545,18566.1859668225,55698.5579004675,90,68,59,40,Medium,Launch,Planned
FP-047,FlowPilot AI,AI Productivity SaaS,SMB and mid-market knowledge-work teams,Startups,Founder/COO,India,Technology,Disconnected tools and manual follow-ups,AI workspace that turns meetings and tasks into workflows,ClickUp,12.0,29,Monthly Subscription,SEO,Demand Gen,6566,42940,2479,349,0.14078257361839452,18.813753581661892,20571.870351076202,61715.61105322861,74,89,88,39,Medium,Launch,At Risk
FP-048,FlowPilot AI,AI Productivity SaaS,SMB and mid-market knowledge-work teams,Mid-Market,IT Manager,US,Technology,Tool sprawl and governance concerns,Secure AI productivity with admin controls and analytics,Microsoft 365 Copilot,30.0,104,Monthly Subscription,SEO,Retargeting,12674,73293,4978,322,0.06468461229409402,39.36024844720497,67317.23212050438,201951.69636151317,73,73,60,25,Medium,Pre-Launch,In Progress
FP-049,FlowPilot AI,AI Productivity SaaS,SMB and mid-market knowledge-work teams,SMBs,Operations Manager,India,Professional Services,High coordination overhead,Automated workflows and AI summaries without enterprise complexity,ClickUp,12.0,34,Monthly Subscription,Community,Webinar,13794,175453,5815,492,0.08460877042132416,28.036585365853657,32879.96569777318,98639.89709331954,89,67,69,31,High,Post-Launch,In Progress
FP-050,FlowPilot AI,AI Productivity SaaS,SMB and mid-market knowledge-work teams,SMBs,HR/People Lead,India,Technology,Inconsistent meeting actions,AI meeting-to-action workflows and team memory,Notion,10.0,55,Monthly Subscription,Webinars,Partner,4941,83054,5065,307,0.060612043435340573,16.094462540716613,25880.285036793546,77640.85511038064,79,84,91,33,High,Launch,Planned
FP-051,FlowPilot AI,AI Productivity SaaS,SMB and mid-market knowledge-work teams,Mid-Market,Finance Manager,UK,Business Services,Manual reporting and approvals,Automated recurring workflows and summaries,Asana,13.49,74,Monthly Subscription,SEO,Retargeting,11347,129575,2874,160,0.055671537926235214,70.91875,20668.17550693084,62004.52652079251,80,84,71,16,High,Pre-Launch,In Progress
FP-052,FlowPilot AI,AI Productivity SaaS,SMB and mid-market knowledge-work teams,Startups,Founder/COO,India,Technology,Disconnected tools and manual follow-ups,AI workspace that turns meetings and tasks into workflows,Asana,13.49,39,Monthly Subscription,LinkedIn,Lead Gen,10208,119908,4915,450,0.09155645981688708,22.684444444444445,38567.114468053194,115701.34340415959,87,85,86,20,High,Launch,Ready
FP-053,FlowPilot AI,AI Productivity SaaS,SMB and mid-market knowledge-work teams,SMBs,HR/People Lead,India,Technology,Inconsistent meeting actions,AI meeting-to-action workflows and team memory,Asana,13.49,45,Monthly Subscription,Google Ads,Lead Gen,7903,81807,3580,534,0.14916201117318437,14.799625468164795,41340.29414653773,124020.8824396132,95,66,84,20,High,Launch,Ready
FP-054,FlowPilot AI,AI Productivity SaaS,SMB and mid-market knowledge-work teams,Startups,Revenue Lead,Singapore,Technology,Customer actions fall through the cracks,AI-generated next steps and automated follow-up,Notion,10.0,64,Monthly Subscription,LinkedIn,Partner,16743,201815,7969,622,0.07805245325636843,26.918006430868168,67252.57018328791,201757.71054986375,91,85,83,63,Medium,Pre-Launch,In Progress
FP-055,FlowPilot AI,AI Productivity SaaS,SMB and mid-market knowledge-work teams,Mid-Market,IT Manager,US,Technology,Tool sprawl and governance concerns,Secure AI productivity with admin controls and analytics,Microsoft 365 Copilot,30.0,99,Monthly Subscription,SEO,Webinar,16931,238341,5795,1135,0.19585849870578084,14.917180616740088,212043.691897332,636131.075691996,75,87,65,34,Medium,Post-Launch,Planned
FP-056,FlowPilot AI,AI Productivity SaaS,SMB and mid-market knowledge-work teams,SMBs,HR/People Lead,India,Technology,Inconsistent meeting actions,AI meeting-to-action workflows and team memory,Notion,10.0,45,Monthly Subscription,Google Ads,Webinar,4424,59371,1544,293,0.18976683937823835,15.098976109215018,21537.55573764132,64612.66721292396,77,78,85,45,Medium,Pre-Launch,At Risk
FP-057,FlowPilot AI,AI Productivity SaaS,SMB and mid-market knowledge-work teams,SMBs,Team Lead,UAE,Technology,Repetitive admin and poor visibility,AI-assisted execution with team accountability,Monday.com,12.0,49,Monthly Subscription,Email,Demand Gen,7026,105704,6599,666,0.10092438248219428,10.54954954954955,66252.69585576959,198758.08756730877,77,91,55,33,Medium,Post-Launch,Ready
FP-058,FlowPilot AI,AI Productivity SaaS,SMB and mid-market knowledge-work teams,Mid-Market,Finance Manager,UK,Business Services,Manual reporting and approvals,Automated recurring workflows and summaries,ClickUp,12.0,74,Monthly Subscription,YouTube,Content,7946,96741,4475,529,0.11821229050279329,15.020793950850662,64881.43692165272,194644.31076495815,72,87,70,51,Low,Launch,In Progress
FP-059,FlowPilot AI,AI Productivity SaaS,SMB and mid-market knowledge-work teams,SMBs,HR/People Lead,India,Technology,Inconsistent meeting actions,AI meeting-to-action workflows and team memory,Notion,10.0,45,Monthly Subscription,YouTube,Partner,17465,271551,10339,1546,0.1495309024083567,11.296895213454075,143077.525737947,429232.577213841,69,80,57,23,Medium,Post-Launch,Ready
FP-060,FlowPilot AI,AI Productivity SaaS,SMB and mid-market knowledge-work teams,SMBs,Operations Manager,India,Professional Services,High coordination overhead,Automated workflows and AI summaries without enterprise complexity,Monday.com,12.0,34,Monthly Subscription,YouTube,Demand Gen,14336,98545,6236,1219,0.19547787042976267,11.760459392945037,60505.465261367,181516.39578410098,76,75,80,56,Medium,Pre-Launch,Ready
FP-061,FlowPilot AI,AI Productivity SaaS,SMB and mid-market knowledge-work teams,SMBs,HR/People Lead,India,Technology,Inconsistent meeting actions,AI meeting-to-action workflows and team memory,Asana,13.49,50,Monthly Subscription,LinkedIn,Retargeting,3621,29156,1562,145,0.09282970550576185,24.97241379310345,11469.42042806182,34408.26128418546,65,78,61,63,Low,Post-Launch,Planned
FP-062,FlowPilot AI,AI Productivity SaaS,SMB and mid-market knowledge-work teams,Mid-Market,Finance Manager,UK,Business Services,Manual reporting and approvals,Automated recurring workflows and summaries,ClickUp,12.0,69,Monthly Subscription,LinkedIn,Demand Gen,7814,119943,3988,423,0.10606820461384152,18.472813238770687,44260.79650166267,132782.389504988,93,78,91,58,High,Pre-Launch,In Progress
FP-063,FlowPilot AI,AI Productivity SaaS,SMB and mid-market knowledge-work teams,SMBs,Team Lead,UAE,Technology,Repetitive admin and poor visibility,AI-assisted execution with team accountability,Notion,10.0,59,Monthly Subscription,Community,Retargeting,13692,111326,7288,520,0.07135016465422613,26.33076923076923,54270.46347338506,162811.3904201552,76,79,71,57,Low,Pre-Launch,At Risk
FP-064,FlowPilot AI,AI Productivity SaaS,SMB and mid-market knowledge-work teams,Mid-Market,IT Manager,US,Technology,Tool sprawl and governance concerns,Secure AI productivity with admin controls and analytics,Microsoft 365 Copilot,30.0,99,Monthly Subscription,Google Ads,Webinar,17986,170729,8289,1208,0.14573531185909036,14.889072847682119,208023.96365473254,624071.8909641976,76,79,74,27,Medium,Launch,At Risk
FP-065,FlowPilot AI,AI Productivity SaaS,SMB and mid-market knowledge-work teams,SMBs,Operations Manager,India,Professional Services,High coordination overhead,Automated workflows and AI summaries without enterprise complexity,ClickUp,12.0,44,Monthly Subscription,Partnerships,Retargeting,7347,131548,4387,862,0.19648962844768636,8.523201856148491,73071.47236683441,219214.41710050323,77,65,91,58,Medium,Post-Launch,Planned
FP-066,FlowPilot AI,AI Productivity SaaS,SMB and mid-market knowledge-work teams,Mid-Market,Finance Manager,UK,Business Services,Manual reporting and approvals,Automated recurring workflows and summaries,Asana,13.49,69,Monthly Subscription,Partnerships,Lead Gen,12930,96609,2998,489,0.16310873915943963,26.441717791411044,67953.58512180117,203860.7553654035,68,85,61,55,Low,Post-Launch,Planned
FP-067,FlowPilot AI,AI Productivity SaaS,SMB and mid-market knowledge-work teams,Mid-Market,IT Manager,US,Technology,Tool sprawl and governance concerns,Secure AI productivity with admin controls and analytics,Monday.com,12.0,94,Monthly Subscription,Partnerships,Partner,4653,28717,957,155,0.1619644723092999,30.019354838709678,22445.260661098837,67335.7819832965,68,90,89,38,Medium,Post-Launch,Ready
FP-068,FlowPilot AI,AI Productivity SaaS,SMB and mid-market knowledge-work teams,SMBs,Team Lead,UAE,Technology,Repetitive admin and poor visibility,AI-assisted execution with team accountability,Asana,13.49,54,Monthly Subscription,SEO,Partner,16760,157599,3780,734,0.19417989417989417,22.833787465940055,59953.636037418524,179860.90811225557,74,92,80,50,Medium,Launch,Planned
FP-069,FlowPilot AI,AI Productivity SaaS,SMB and mid-market knowledge-work teams,SMBs,HR/People Lead,India,Technology,Inconsistent meeting actions,AI meeting-to-action workflows and team memory,Notion,10.0,45,Monthly Subscription,Google Ads,Webinar,8538,117369,6216,855,0.13754826254826255,9.985964912280702,79179.00453176012,237537.01359528035,83,68,69,45,Medium,Pre-Launch,Ready
FP-070,FlowPilot AI,AI Productivity SaaS,SMB and mid-market knowledge-work teams,Mid-Market,Head of Operations,UK,Business Services,Fragmented workflows,Centralized AI workflow layer with measurable productivity,Notion,10.0,84,Monthly Subscription,SEO,Partner,9189,59882,1219,67,0.054963084495488104,137.1492537313433,12363.263412097045,37089.79023629113,67,68,70,49,Low,Pre-Launch,At Risk
FP-071,FlowPilot AI,AI Productivity SaaS,SMB and mid-market knowledge-work teams,Mid-Market,Finance Manager,UK,Business Services,Manual reporting and approvals,Automated recurring workflows and summaries,Asana,13.49,79,Monthly Subscription,Community,Retargeting,14661,211789,13563,2010,0.14819730148197302,7.294029850746269,328211.69975729834,984635.099271895,86,73,57,59,Low,Launch,In Progress
FP-072,FlowPilot AI,AI Productivity SaaS,SMB and mid-market knowledge-work teams,Mid-Market,Finance Manager,UK,Business Services,Manual reporting and approvals,Automated recurring workflows and summaries,Monday.com,12.0,69,Monthly Subscription,Partnerships,Demand Gen,13734,134254,8711,1278,0.1467110549879463,10.746478873239436,127726.34237031192,383179.0271109358,77,71,62,44,Medium,Pre-Launch,In Progress
FP-073,FlowPilot AI,AI Productivity SaaS,SMB and mid-market knowledge-work teams,Startups,Founder/COO,India,Technology,Disconnected tools and manual follow-ups,AI workspace that turns meetings and tasks into workflows,Notion,10.0,29,Monthly Subscription,Webinars,Lead Gen,15393,189942,4096,674,0.16455078125,22.838278931750743,30603.67836863663,91811.03510590989,73,91,69,36,Medium,Pre-Launch,Planned
FP-074,FlowPilot AI,AI Productivity SaaS,SMB and mid-market knowledge-work teams,Mid-Market,IT Manager,US,Technology,Tool sprawl and governance concerns,Secure AI productivity with admin controls and analytics,ClickUp,12.0,99,Monthly Subscription,SEO,Lead Gen,4301,58466,1130,59,0.05221238938053097,72.89830508474576,11868.840339036158,35606.52101710848,75,83,75,16,High,Pre-Launch,Ready
FP-075,FlowPilot AI,AI Productivity SaaS,SMB and mid-market knowledge-work teams,Startups,Founder/COO,India,Technology,Disconnected tools and manual follow-ups,AI workspace that turns meetings and tasks into workflows,ClickUp,12.0,34,Monthly Subscription,Google Ads,Partner,3541,39628,2316,294,0.12694300518134716,12.04421768707483,14866.483107198752,44599.44932159626,92,72,57,61,Low,Post-Launch,Ready
FP-076,FlowPilot AI,AI Productivity SaaS,SMB and mid-market knowledge-work teams,Mid-Market,Finance Manager,UK,Business Services,Manual reporting and approvals,Automated recurring workflows and summaries,Notion,10.0,64,Monthly Subscription,YouTube,Webinar,9484,132010,5741,1070,0.1863786796725309,8.86355140186916,99898.11537254922,299694.34611764766,65,75,64,19,Medium,Pre-Launch,Ready
FP-077,FlowPilot AI,AI Productivity SaaS,SMB and mid-market knowledge-work teams,Startups,Revenue Lead,Singapore,Technology,Customer actions fall through the cracks,AI-generated next steps and automated follow-up,Monday.com,12.0,69,Monthly Subscription,SEO,Webinar,10782,138770,3213,498,0.1549953314659197,21.650602409638555,71549.73123116043,214649.1936934813,95,88,68,42,Medium,Launch,In Progress
FP-078,FlowPilot AI,AI Productivity SaaS,SMB and mid-market knowledge-work teams,SMBs,HR/People Lead,India,Technology,Inconsistent meeting actions,AI meeting-to-action workflows and team memory,Asana,13.49,50,Monthly Subscription,Community,Webinar,14453,90130,3622,542,0.1496410822749862,26.666051660516604,46054.84618808244,138164.5385642473,69,86,85,19,High,Pre-Launch,Planned
FP-079,FlowPilot AI,AI Productivity SaaS,SMB and mid-market knowledge-work teams,SMBs,Operations Manager,India,Professional Services,High coordination overhead,Automated workflows and AI summaries without enterprise complexity,Monday.com,12.0,34,Monthly Subscription,Partnerships,Lead Gen,11615,67131,4547,610,0.1341543875082472,19.040983606557376,40152.860088438254,120458.58026531475,86,76,82,61,Medium,Pre-Launch,Ready
FP-080,FlowPilot AI,AI Productivity SaaS,SMB and mid-market knowledge-work teams,Mid-Market,IT Manager,US,Technology,Tool sprawl and governance concerns,Secure AI productivity with admin controls and analytics,Asana,13.49,94,Monthly Subscription,Webinars,Lead Gen,13259,149408,9272,950,0.10245901639344263,13.956842105263158,164759.60561289312,494278.81683867937,67,89,72,51,Low,Pre-Launch,At Risk
FP-081,FlowPilot AI,AI Productivity SaaS,SMB and mid-market knowledge-work teams,Startups,Founder/COO,India,Technology,Disconnected tools and manual follow-ups,AI workspace that turns meetings and tasks into workflows,Microsoft 365 Copilot,30.0,29,Monthly Subscription,LinkedIn,Lead Gen,6977,98620,3359,339,0.10092289371836856,20.5811209439528,13811.420812501894,41434.262437505684,69,83,80,19,High,Pre-Launch,Planned
FP-082,FlowPilot AI,AI Productivity SaaS,SMB and mid-market knowledge-work teams,SMBs,Operations Manager,India,Professional Services,High coordination overhead,Automated workflows and AI summaries without enterprise complexity,Microsoft 365 Copilot,30.0,39,Monthly Subscription,Community,Webinar,9932,93675,3488,551,0.15797018348623854,18.02540834845735,43439.33650997224,130318.00952991673,65,93,58,24,Medium,Pre-Launch,Planned
FP-083,FlowPilot AI,AI Productivity SaaS,SMB and mid-market knowledge-work teams,SMBs,Operations Manager,India,Professional Services,High coordination overhead,Automated workflows and AI summaries without enterprise complexity,Asana,13.49,44,Monthly Subscription,Community,Webinar,12446,133751,4307,703,0.163222660784769,17.704125177809388,46121.28252869181,138363.84758607543,87,68,73,58,Medium,Post-Launch,At Risk
FP-084,FlowPilot AI,AI Productivity SaaS,SMB and mid-market knowledge-work teams,Mid-Market,IT Manager,US,Technology,Tool sprawl and governance concerns,Secure AI productivity with admin controls and analytics,Notion,10.0,99,Monthly Subscription,Community,Retargeting,3397,17324,583,47,0.08061749571183534,72.27659574468085,7025.042839089874,21075.128517269623,76,74,75,22,High,Pre-Launch,At Risk
FP-085,FlowPilot AI,AI Productivity SaaS,SMB and mid-market knowledge-work teams,SMBs,HR/People Lead,India,Technology,Inconsistent meeting actions,AI meeting-to-action workflows and team memory,ClickUp,12.0,45,Monthly Subscription,Community,Retargeting,14028,112103,5274,792,0.15017064846416384,17.71212121212121,59994.01438980562,179982.04316941687,85,92,57,42,Medium,Pre-Launch,At Risk
FP-086,FlowPilot AI,AI Productivity SaaS,SMB and mid-market knowledge-work teams,SMBs,Operations Manager,India,Professional Services,High coordination overhead,Automated workflows and AI summaries without enterprise complexity,Asana,13.49,49,Monthly Subscription,Community,Retargeting,9126,129803,5155,346,0.06711930164888458,26.3757225433526,24018.481681364472,72055.44504409342,80,70,84,59,Medium,Launch,Planned
FP-087,FlowPilot AI,AI Productivity SaaS,SMB and mid-market knowledge-work teams,SMBs,HR/People Lead,India,Technology,Inconsistent meeting actions,AI meeting-to-action workflows and team memory,Notion,10.0,45,Monthly Subscription,Community,Retargeting,9060,107012,4128,398,0.09641472868217055,22.763819095477388,29938.546292295192,89815.63887688558,81,89,65,19,High,Post-Launch,Planned
FP-088,FlowPilot AI,AI Productivity SaaS,SMB and mid-market knowledge-work teams,Mid-Market,Head of Operations,UK,Business Services,Fragmented workflows,Centralized AI workflow layer with measurable productivity,Asana,13.49,79,Monthly Subscription,Email,Lead Gen,4184,28885,816,114,0.13970588235294118,36.70175438596491,18085.599161356247,54256.79748406874,64,70,86,44,Medium,Post-Launch,At Risk
FP-089,FlowPilot AI,AI Productivity SaaS,SMB and mid-market knowledge-work teams,Startups,Revenue Lead,Singapore,Technology,Customer actions fall through the cracks,AI-generated next steps and automated follow-up,Asana,13.49,59,Monthly Subscription,YouTube,Demand Gen,10182,109443,3693,336,0.09098294069861901,30.303571428571427,28644.444888883245,85933.33466664974,92,67,74,44,Medium,Launch,Planned
FP-090,FlowPilot AI,AI Productivity SaaS,SMB and mid-market knowledge-work teams,Startups,Founder/COO,India,Technology,Disconnected tools and manual follow-ups,AI workspace that turns meetings and tasks into workflows,Asana,13.49,29,Monthly Subscription,Google Ads,Partner,16659,294960,6694,931,0.13907977293098298,17.893662728249193,46103.11390819998,138309.34172459994,95,90,57,43,Medium,Post-Launch,In Progress
FP-091,FlowPilot AI,AI Productivity SaaS,SMB and mid-market knowledge-work teams,Startups,Revenue Lead,Singapore,Technology,Customer actions fall through the cracks,AI-generated next steps and automated follow-up,Microsoft 365 Copilot,30.0,64,Monthly Subscription,Email,Demand Gen,9881,62700,4060,412,0.10147783251231528,23.983009708737864,51983.257920358126,155949.77376107438,92,85,66,17,High,Pre-Launch,At Risk
FP-092,FlowPilot AI,AI Productivity SaaS,SMB and mid-market knowledge-work teams,Mid-Market,Finance Manager,UK,Business Services,Manual reporting and approvals,Automated recurring workflows and summaries,Microsoft 365 Copilot,30.0,79,Monthly Subscription,Email,Content,8608,145760,5560,923,0.1660071942446043,9.326110509209101,141686.3480720344,425059.04421610315,63,90,76,19,Medium,Launch,Planned
FP-093,FlowPilot AI,AI Productivity SaaS,SMB and mid-market knowledge-work teams,SMBs,HR/People Lead,India,Technology,Inconsistent meeting actions,AI meeting-to-action workflows and team memory,Asana,13.49,45,Monthly Subscription,Email,Content,3835,48227,1222,125,0.10229132569558101,30.68,12229.634284617352,36688.90285385206,85,69,60,34,Medium,Post-Launch,At Risk
FP-094,FlowPilot AI,AI Productivity SaaS,SMB and mid-market knowledge-work teams,Startups,Revenue Lead,Singapore,Technology,Customer actions fall through the cracks,AI-generated next steps and automated follow-up,ClickUp,12.0,69,Monthly Subscription,Google Ads,Partner,13484,141639,5214,544,0.10433448408131953,24.78676470588235,57963.479258484185,173890.43777545256,73,75,86,27,High,Pre-Launch,In Progress
FP-095,FlowPilot AI,AI Productivity SaaS,SMB and mid-market knowledge-work teams,SMBs,Team Lead,UAE,Technology,Repetitive admin and poor visibility,AI-assisted execution with team accountability,Notion,10.0,49,Monthly Subscription,Google Ads,Retargeting,15130,181817,10256,1322,0.12890015600624025,11.444780635400909,124991.96171075656,374975.8851322697,68,84,79,24,Medium,Pre-Launch,In Progress
FP-096,FlowPilot AI,AI Productivity SaaS,SMB and mid-market knowledge-work teams,SMBs,Team Lead,UAE,Technology,Repetitive admin and poor visibility,AI-assisted execution with team accountability,Monday.com,12.0,44,Monthly Subscription,Community,Content,13581,194950,13338,1888,0.14155045733993102,7.19332627118644,166302.9110945131,498908.7332835393,88,72,89,30,High,Launch,At Risk
FP-097,FlowPilot AI,AI Productivity SaaS,SMB and mid-market knowledge-work teams,Mid-Market,Head of Operations,UK,Business Services,Fragmented workflows,Centralized AI workflow layer with measurable productivity,Asana,13.49,89,Monthly Subscription,YouTube,Webinar,15106,130863,4954,639,0.12898667743237788,23.640062597809077,123581.50891278035,370744.5267383411,72,90,63,31,Medium,Pre-Launch,At Risk
FP-098,FlowPilot AI,AI Productivity SaaS,SMB and mid-market knowledge-work teams,Startups,Revenue Lead,Singapore,Technology,Customer actions fall through the cracks,AI-generated next steps and automated follow-up,Microsoft 365 Copilot,30.0,54,Monthly Subscription,Google Ads,Content,3874,57802,1860,345,0.18548387096774194,11.228985507246376,28278.084368898868,84834.2531066966,87,67,69,43,Medium,Launch,Planned
FP-099,FlowPilot AI,AI Productivity SaaS,SMB and mid-market knowledge-work teams,SMBs,HR/People Lead,India,Technology,Inconsistent meeting actions,AI meeting-to-action workflows and team memory,Notion,10.0,50,Monthly Subscription,Partnerships,Lead Gen,8826,158239,5933,321,0.05410416315523344,27.49532710280374,34421.8046169894,103265.41385096821,81,90,64,23,Medium,Pre-Launch,Ready
FP-100,FlowPilot AI,AI Productivity SaaS,SMB and mid-market knowledge-work teams,Mid-Market,Finance Manager,UK,Business Services,Manual reporting and approvals,Automated recurring workflows and summaries,ClickUp,12.0,74,Monthly Subscription,YouTube,Retargeting,2586,43383,823,67,0.08140947752126367,38.59701492537314,7534.254616659709,22602.76384997913,93,78,62,64,Low,Launch,In Progress
